Column1,Column2,Column3,Column4,Column5,Column6,Column7,Column8,Column9,Column10,Column11,Column12,Column13,Column14,Column15,Column16,Column17,Column18,Column19,Column20,Column21,Column22,Column23,Column24,Column25,Column26,Column27,Column28,Column29,Column30,Column31,Column32,Column33
,,,,Total,W. BB,,M. BB,,W. Fencing,,M. Fencing,,,W. IHoc.,Rifle,,Skiing,,W. SW,,M. SW,,W. In. T&F,,M. In. T&F,,W. WR,,M. WR,,Winter,Fall
Rank,Institution,Conference,Division,Points,Pl.,Pts.,Pl.,Pts.,Pl.,Pts.,Pl.,Pts.,Pl.,Pts.,Pl.,Pts.,Pl.,Pts.,Pl.,Pts.,Pl.,Pts.,Pl.,Pts.,Pl.,Pts.,Pl.,Pts.,Pl.,Pts.,Total,Total
1,North Carolina,ACC,FBS,781.50,9,64,33,25,15,45,7,69,0,0,0,0,0,0,24,50,19,55,36,38,39,34,0,0,31,42.5,422.50,359.00
2,Stanford,ACC,FBS,746.25,0,0,0,0,10,60,15,45,0,0,0,0,0,0,2,90,10,67.5,12,63.75,0,0,0,0,6,73.5,399.75,346.50
3,Virginia,ACC,FBS,696.75,9,64,17,50,0,0,0,0,0,0,0,0,0,0,1,100,9,69,0,0,12,63.75,0,0,62,10.5,357.25,339.50
7,Notre Dame,ACC,FBS,644.00,5,73,0,0,1,100,1,100,0,0,0,0,0,0,33,38,37,32,0,0,0,0,0,0,0,0,343.00,301.00
8,Duke,ACC,FBS,638.50,5,73,5,73,11,57,6,72,0,0,0,0,0,0,21,52,0,0,37,34.5,0,0,0,0,52,20,381.50,257.00
12,North Carolina State,ACC,FBS,549.50,17,50,65,5,0,0,0,0,0,0,0,0,0,0,9,69,6,73.5,23,49.5,0,0,0,0,10,67.5,314.50,235.00
14,Louisville,ACC,FBS,538.00,9,64,17,50,0,0,0,0,0,0,0,0,0,0,8,70.5,12,64.5,43,29,19,53,0,0,0,0,331.00,207.00
48,Virginia Tech,ACC,FBS,305.50,33,25,0,0,0,0,0,0,0,0,0,0,0,0,37,30,11,66,0,0,17,57,0,0,11,66,244.00,61.50
52,Miami (FL),ACC,FBS,299.00,0,0,17,50,0,0,0,0,0,0,0,0,0,0,18,56,21,53,0,0,0,0,0,0,0,0,159.00,140.00
54,Pittsburgh,ACC,FBS,267.75,0,0,0,0,0,0,0,0,0,0,0,0,0,0,16,57.75,20,54,0,0,0,0,0,0,26,48,159.75,108.00
58,Wake Forest,ACC,FBS,257.50,0,0,0,0,0,0,0,0,0,0,0,0,0,0,0,0,0,0,0,0,0,0,0,0,0,0,0.00,257.50
60,Syracuse,ACC,FBS,248.00,17,50,0,0,0,0,0,0,0,0,0,0,0,0,0,0,0,0,0,0,0,0,0,0,0,0,50,198
61,SMU,ACC,FBS,243.00,0,0,65,5,0,0,0,0,0,0,0,0,0,0,0,0,23,51,0,0,0,0,0,0,0,0,56.00,187.00
63,Florida State,ACC,FBS,241.50,0,0,0,0,0,0,0,0,0,0,0,0,0,0,31,43,25,49,23,49.5,0,0,0,0,0,0,141.50,100.00
69,Clemson,ACC,FBS,216.75,33,25,33,25,0,0,0,0,0,0,0,0,0,0,0,0,0,0,10,66.75,0,0,0,0,0,0,116.75,100.00
73,California,ACC,FBS,211.50,0,0,0,0,0,0,0,0,0,0,0,0,0,0,4,80,7,72,37,34.5,0,0,0,0,0,0,186.50,25.00
78,Boston College,ACC,FBS,165.00,0,0,0,0,20,34,14,48,0,0,0,0,18,38,0,0,0,0,0,0,0,0,0,0,0,0,120.00,45.00
105,Georgia Tech,ACC,FBS,111.00,0,0,0,0,0,0,0,0,0,0,0,0,0,0,0,0,34,36,0,0,0,0,0,0,0,0,36.00,75.00
84,Vermont,America East,DI,150.00,33,25,0,0,0,0,0,0,0,0,0,0,5,75,0,0,0,0,0,0,0,0,0,0,0,0,100.00,50.00
95,New Hampshire,America East,FCS,133.00,0,0,0,0,0,0,0,0,0,0,0,0,9,63,0,0,0,0,0,0,0,0,0,0,0,0,63.00,70.00
149,Bryant,America East,FCS,64.00,0,0,0,0,0,0,0,0,0,0,0,0,0,0,0,0,0,0,0,0,0,0,0,0,0,0,0.00,64.00
168,NJIT,America East,DI,51.00,0,0,0,0,0,0,13,51,0,0,0,0,0,0,0,0,0,0,0,0,0,0,0,0,0,0,51.00,0.00
199,UMBC,America East,DI,30.00,0,0,65,5,0,0,0,0,0,0,0,0,0,0,0,0,0,0,0,0,0,0,0,0,0,0,5.00,25.00
204,Maine,America East,FCS,25.00,0,0,0,0,0,0,0,0,0,0,0,0,0,0,0,0,0,0,0,0,0,0,0,0,0,0,0.00,25.00
249,Binghamton,America East,DI,24.00,0,0,0,0,0,0,0,0,0,0,0,0,0,0,0,0,0,0,0,0,0,0,0,0,50,24,24.00,0.00
91,Tulane,American,FBS,137.00,0,0,0,0,0,0,0,0,0,0,0,0,0,0,0,0,0,0,0,0,0,0,0,0,0,0,0.00,137.00
104,UTSA,American,FBS,113.50,33,25,0,0,0,0,0,0,0,0,0,0,0,0,0,0,0,0,54,18.5,0,0,0,0,0,0,43.50,70.00
129,Memphis,American,FBS,75.00,0,0,0,0,0,0,0,0,0,0,0,0,0,0,0,0,0,0,0,0,0,0,0,0,0,0,0.00,75.00
129,South Florida,American,FBS,75.00,0,0,33,25,0,0,0,0,0,0,0,0,0,0,0,0,0,0,0,0,0,0,0,0,0,0,25.00,50.00
153,East Carolina,American,FBS,62.00,0,0,0,0,0,0,0,0,0,0,0,0,0,0,43,17,0,0,0,0,0,0,0,0,0,0,17.00,45.00
158,North Texas,American,FBS,56.00,0,0,0,0,0,0,0,0,0,0,0,0,0,0,47,11,0,0,0,0,0,0,0,0,0,0,11.00,45.00
165,Tulsa,American,FBS,52.00,0,0,0,0,0,0,0,0,0,0,0,0,0,0,0,0,0,0,0,0,0,0,0,0,0,0,0.00,52.00
169,Rice,American,FBS,50.00,0,0,0,0,0,0,0,0,0,0,0,0,0,0,0,0,0,0,0,0,0,0,0,0,0,0,0,50
204,FAU,American,FBS,25.00,0,0,0,0,0,0,0,0,0,0,0,0,0,0,0,0,0,0,0,0,0,0,0,0,0,0,0.00,25.00
113,Eastern Kentucky,ASUN,FCS,98.00,0,0,0,0,0,0,0,0,0,0,0,0,0,0,0,0,0,0,43,29,0,0,0,0,0,0,29.00,69.00
127,Lipscomb,ASUN,DI,77.00,0,0,0,0,0,0,0,0,0,0,0,0,0,0,0,0,0,0,0,0,0,0,0,0,0,0,0.00,77.00
204,Central Arkansas,ASUN,FCS,25.00,0,0,0,0,0,0,0,0,0,0,0,0,0,0,0,0,0,0,0,0,0,0,0,0,0,0,0.00,25.00
204,Jacksonville,ASUN,DI,25.00,33,25,0,0,0,0,0,0,0,0,0,0,0,0,0,0,0,0,0,0,0,0,0,0,0,0,25.00,0.00
204,North Florida,ASUN,DI,25.00,0,0,0,0,0,0,0,0,0,0,0,0,0,0,0,0,0,0,0,0,0,0,0,0,0,0,0.00,25.00
204,Queens (N.C.),ASUN,DI,25.00,0,0,33,25,0,0,0,0,0,0,0,0,0,0,0,0,0,0,0,0,0,0,0,0,0,0,25.00,0.00
255,Bellarmine,ASUN,DI,15.00,0,0,0,0,0,0,0,0,0,0,0,0,0,0,0,0,0,0,0,0,0,0,0,0,57,15,15.00,0.00
95,Saint Louis,Atlantic 10,DI,133.00,0,0,17,50,0,0,0,0,0,0,0,0,0,0,0,0,0,0,0,0,0,0,0,0,0,0,50.00,83.00
124,Rhode Island,Atlantic 10,FCS,78.00,33,25,0,0,0,0,0,0,0,0,0,0,0,0,0,0,0,0,0,0,0,0,0,0,0,0,25.00,53.00
160,Fordham,Atlantic 10,FCS,55.00,0,0,0,0,0,0,0,0,0,0,0,0,0,0,0,0,0,0,0,0,0,0,0,0,0,0,0.00,55.00
165,Loyola Chicago,Atlantic 10,DI,52.00,0,0,0,0,0,0,0,0,0,0,0,0,0,0,0,0,0,0,0,0,0,0,0,0,0,0,0.00,52.00
169,VCU,Atlantic 10,DI,50.00,0,0,17,50,0,0,0,0,0,0,0,0,0,0,0,0,0,0,0,0,0,0,0,0,0,0,50.00,0.00
187,Saint Joseph's,Atlantic 10,DI,45.00,0,0,0,0,0,0,0,0,0,0,0,0,0,0,0,0,0,0,0,0,0,0,0,0,0,0,0.00,45.00
195,George Mason,Atlantic 10,DI,39.00,0,0,0,0,0,0,0,0,0,0,0,0,0,0,0,0,0,0,0,0,0,0,0,0,34,39,39.00,0.00
204,Dayton,Atlantic 10,FCS,25.00,0,0,0,0,0,0,0,0,0,0,0,0,0,0,0,0,0,0,0,0,0,0,0,0,0,0,0.00,25.00
258,Richmond,Atlantic 10,FCS,5.00,65,5,0,0,0,0,0,0,0,0,0,0,0,0,0,0,0,0,0,0,0,0,0,0,0,0,5.00,0.00
21,BYU,Big 12,FBS,479.25,0,0,33,25,0,0,0,0,0,0,0,0,0,0,0,0,0,0,5,74.25,7,70.5,0,0,0,0,169.75,309.50
29,Iowa State,Big 12,FBS,437.75,33,25,9,64,0,0,0,0,0,0,0,0,0,0,0,0,0,0,15,59.25,42,30,0,0,8,70.5,248.75,189.00
32,TCU,Big 12,FBS,420.00,5,73,17,50,0,0,0,0,0,0,2,90,0,0,0,0,0,0,43,29,0,0,0,0,0,0,242.00,178.00
34,West Virginia,Big 12,FBS,393.00,17,50,0,0,0,0,0,0,0,0,1,100,0,0,0,0,0,0,48,23.5,0,0,0,0,23,50.5,224.00,169.00
37,Colorado,Big 12,FBS,380.50,33,25,0,0,0,0,0,0,0,0,0,0,2,90,0,0,0,0,0,0,52,21,0,0,0,0,136.00,244.50
40,Oklahoma State,Big 12,FBS,372.00,17,50,0,0,0,0,0,0,0,0,0,0,0,0,0,0,0,0,32,42,47,25.5,0,0,2,90,207.50,164.50
43,Texas Tech,Big 12,FBS,352.50,17,50,17,50,0,0,0,0,0,0,0,0,0,0,0,0,0,0,9,69,14,61.5,0,0,0,0,230.50,122.00
48,Arizona,Big 12,FBS,305.50,0,0,3,83,0,0,0,0,0,0,0,0,0,0,29,45,27,47,37,34.5,52,21,0,0,0,0,230.50,75.00
50,Utah,Big 12,FBS,303.00,0,0,0,0,0,0,0,0,0,0,0,0,1,100,0,0,34,36,48,23.5,0,0,0,0,0,0,159.50,143.50
53,Kansas,Big 12,FBS,295.50,0,0,17,50,0,0,0,0,0,0,0,0,0,0,25,48.5,0,0,58,16,19,53,0,0,0,0,167.50,128.00
55,Arizona State,Big 12,FBS,267.00,65,5,0,0,0,0,0,0,0,0,0,0,0,0,37,30,4,80,0,0,0,0,0,0,13,63,178.00,89.00
59,Baylor,Big 12,FBS,255.00,17,50,0,0,0,0,0,0,0,0,0,0,0,0,0,0,0,0,21,52.5,35,38.5,0,0,0,0,141.00,114.00
74,Kansas State,Big 12,FBS,199.50,0,0,0,0,0,0,0,0,0,0,0,0,0,0,0,0,0,0,7,72,4,77.5,0,0,0,0,149.50,50.00
86,UCF,Big 12,FBS,148.50,0,0,33,25,0,0,0,0,0,0,0,0,0,0,0,0,0,0,48,23.5,0,0,0,0,0,0,48.50,100.00
88,Houston,Big 12,FBS,142.00,0,0,9,64,0,0,0,0,0,0,0,0,0,0,0,0,0,0,0,0,51,23,0,0,0,0,87,55
93,Cincinnati,Big 12,FBS,135.00,0,0,0,0,0,0,0,0,0,0,0,0,0,0,32,42,0,0,33,40,0,0,0,0,0,0,82.00,53.00
36,Uconn,Big East,FBS,387.00,3,83,2,90,0,0,0,0,5,60,0,0,0,0,0,0,0,0,0,0,0,0,0,0,0,0,233.00,154.00
57,Villanova,Big East,FCS,265.00,33,25,33,25,0,0,0,0,0,0,0,0,0,0,0,0,0,0,0,0,18,56,0,0,0,0,106.00,159.00
62,Georgetown,Big East,FCS,242.50,0,0,0,0,0,0,0,0,0,0,0,0,0,0,0,0,0,0,0,0,0,0,0,0,0,0,0.00,242.50
68,St. John's (NY),Big East,DI,222.00,0,0,9,64,14,48,3,85,0,0,0,0,0,0,0,0,0,0,0,0,0,0,0,0,0,0,197.00,25.00
117,Butler,Big East,FCS,92.50,0,0,0,0,0,0,0,0,0,0,0,0,0,0,0,0,0,0,0,0,39,34,0,0,0,0,34.00,58.50
129,Xavier,Big East,DI,75.00,0,0,0,0,0,0,0,0,0,0,0,0,0,0,0,0,0,0,0,0,0,0,0,0,0,0,0.00,75.00
137,Creighton,Big East,DI,73.00,0,0,0,0,0,0,0,0,0,0,0,0,0,0,0,0,0,0,0,0,0,0,0,0,0,0,0.00,73.00
143,Providence,Big East,DI,69.00,0,0,0,0,0,0,0,0,0,0,0,0,0,0,0,0,0,0,0,0,0,0,0,0,0,0,0.00,69.00
169,Marquette,Big East,DI,50.00,0,0,0,0,0,0,0,0,0,0,0,0,0,0,0,0,0,0,0,0,0,0,0,0,0,0,0.00,50.00
169,Seton Hall,Big East,DI,50.00,0,0,0,0,0,0,0,0,0,0,0,0,0,0,0,0,0,0,0,0,0,0,0,0,0,0,0.00,50.00
66,Northern Arizona,Big Sky,FCS,235.00,0,0,0,0,0,0,0,0,0,0,0,0,0,0,0,0,0,0,48,23.5,7,70.5,0,0,0,0,94.00,141.00
76,Montana State,Big Sky,FCS,180.00,0,0,0,0,0,0,0,0,0,0,0,0,4,80,0,0,0,0,0,0,0,0,0,0,0,0,80.00,100.00
106,Montana,Big Sky,FCS,108.00,0,0,0,0,0,0,0,0,0,0,0,0,0,0,0,0,0,0,0,0,0,0,0,0,0,0,0.00,108.00
169,Idaho,Big Sky,FCS,50.00,33,25,33,25,0,0,0,0,0,0,0,0,0,0,0,0,0,0,0,0,0,0,0,0,0,0,50.00,0.00
194,Northern Colorado,Big Sky,FCS,40.00,0,0,0,0,0,0,0,0,0,0,0,0,0,0,0,0,0,0,0,0,0,0,0,0,57,15,15.00,25.00
72,High Point,Big South,DI,214.50,33,25,17,50,0,0,0,0,0,0,0,0,0,0,0,0,0,0,0,0,47,25.5,0,0,0,0,100.50,114.00
129,Presbyterian College,Big South,FCS,75.00,0,0,0,0,0,0,0,0,0,0,0,0,0,0,0,0,0,0,0,0,0,0,5,75,0,0,75.00,0.00
251,Gardner-Webb,Big South,FCS,20.00,0,0,0,0,0,0,0,0,0,0,0,0,0,0,0,0,0,0,0,0,0,0,0,0,52,20,20.00,0.00
5,Ohio State,Big Ten,FBS,664.00,17,50,33,25,7,69,10,60,2,90,0,0,0,0,12,64.5,13,63,0,0,52,21,0,0,5,75,517.50,146.50
6,Penn State,Big Ten,FBS,645.00,0,0,0,0,12,54,11,57,3,83,0,0,0,0,0,0,41,24,37,34.5,19,53,0,0,1,100,405.50,239.50
9,Michigan,Big Ten,FBS,624.00,5,73,1,100,0,0,0,0,0,0,0,0,0,0,6,73.5,8,70.5,54,18.5,26,46.5,0,0,7,72,454.00,170.00
13,Iowa,Big Ten,FBS,541.50,17,50,5,73,0,0,0,0,0,0,0,0,0,0,0,0,0,0,43,29,10,67.5,2,90,4,80,389.50,152.00
15,Wisconsin,Big Ten,FBS,526.00,0,0,33,25,0,0,0,0,1,100,0,0,0,0,13,63,32,42,48,23.5,0,0,0,0,37,36.5,290.00,236.00
18,Minnesota,Big Ten,FBS,487.25,9,64,0,0,0,0,0,0,5,60,0,0,0,0,16,57.75,31,43,17,56.5,0,0,0,0,9,69,350.25,137.00
20,Nebraska,Big Ten,FBS,484.25,33,25,9,64,0,0,0,0,0,0,5,55,0,0,27,47,0,0,12,63.75,26,46.5,0,0,3,85,386.25,98.00
22,UCLA,Big Ten,FBS,473.50,1,100,17,50,0,0,0,0,0,0,0,0,0,0,20,54,0,0,28,44.5,0,0,0,0,0,0,248.50,225.00
23,Oregon,Big Ten,FBS,470.00,17,50,0,0,0,0,0,0,0,0,0,0,0,0,0,0,0,0,2,90,2,90,0,0,0,0,230.00,240.00
25,USC,Big Ten,FBS,463.00,17,50,0,0,0,0,0,0,0,0,0,0,0,0,14,61.5,14,61.5,20,54,30,43,0,0,0,0,270.00,193.00
26,Indiana,Big Ten,FBS,460.50,0,0,0,0,0,0,0,0,0,0,0,0,0,0,7,72,3,85,0,0,37,36.5,0,0,21,53,246.50,214.00
30,Washington,Big Ten,FBS,431.75,17,50,0,0,0,0,0,0,0,0,0,0,0,0,0,0,0,0,23,49.5,15,59.25,0,0,0,0,158.75,273.00
33,Illinois,Big Ten,FBS,398.50,17,50,3,83,0,0,0,0,0,0,0,0,0,0,0,0,0,0,3,85,26,46.5,0,0,15,60,324.50,74.00
38,Northwestern,Big Ten,FBS,380.00,0,0,0,0,6,72,0,0,0,0,0,0,0,0,36,34,26,48,0,0,0,0,0,0,0,0,154.00,226.00
45,Purdue,Big Ten,FBS,318.00,0,0,5,73,0,0,0,0,0,0,0,0,0,0,21,52,29,45,0,0,42,30,0,0,29,45,245.00,73.00
56,Michigan State,Big Ten,FBS,266.00,17,50,9,64,0,0,0,0,0,0,0,0,0,0,0,0,0,0,0,0,0,0,0,0,0,0,114.00,152.00
80,Maryland,Big Ten,FBS,164.00,17,50,0,0,0,0,0,0,0,0,0,0,0,0,0,0,0,0,0,0,0,0,0,0,33,41,91.00,73.00
149,Rutgers,Big Ten,FBS,64.00,0,0,0,0,0,0,0,0,0,0,0,0,0,0,40,25,0,0,0,0,0,0,0,0,34,39,64.00,0.00
101,UC San Diego,Big West,DI,118.00,33,25,0,0,16,42,17,40,0,0,0,0,0,0,47,11,0,0,0,0,0,0,0,0,0,0,118.00,0.00
112,Cal Poly,Big West,FCS,99.50,0,0,0,0,0,0,0,0,0,0,0,0,0,0,0,0,0,0,0,0,0,0,0,0,62,10.5,10.50,89.00
115,UC Davis,Big West,FCS,95.00,0,0,0,0,0,0,0,0,0,0,0,0,0,0,0,0,0,0,0,0,0,0,0,0,0,0,0.00,95.00
140,Hawaii,Big West,FBS,70.00,0,0,33,25,0,0,0,0,0,0,0,0,0,0,0,0,0,0,0,0,0,0,0,0,0,0,25.00,45.00
204,UC Irvine,Big West,DI,25.00,0,0,0,0,0,0,0,0,0,0,0,0,0,0,0,0,0,0,0,0,0,0,0,0,0,0,0.00,25.00
120,Hofstra,CAA,DI,89.00,0,0,33,25,0,0,0,0,0,0,0,0,0,0,0,0,0,0,0,0,0,0,0,0,0,0,25.00,64.00
122,Northeastern,CAA,DI,83.00,0,0,0,0,0,0,0,0,3,83,0,0,0,0,0,0,0,0,0,0,0,0,0,0,0,0,83.00,0.00
157,Drexel,CAA,DI,57.50,0,0,0,0,0,0,0,0,0,0,0,0,0,0,0,0,0,0,0,0,0,0,0,0,41,32.5,32.50,25.00
169,Elon,CAA,FCS,50.00,0,0,0,0,0,0,0,0,0,0,0,0,0,0,0,0,0,0,0,0,0,0,0,0,0,0,0.00,50.00
204,Campbell,CAA,FCS,25.00,0,0,0,0,0,0,0,0,0,0,0,0,0,0,0,0,0,0,0,0,0,0,0,0,0,0,0.00,25.00
204,College of Charleston,CAA,DI,25.00,33,25,0,0,0,0,0,0,0,0,0,0,0,0,0,0,0,0,0,0,0,0,0,0,0,0,25.00,0.00
108,Liberty,Conference USA,FBS,104.50,0,0,0,0,0,0,0,0,0,0,0,0,0,0,0,0,0,0,37,34.5,0,0,0,0,0,0,34.50,70.00
129,Delaware,Conference USA,FBS,75.00,0,0,0,0,0,0,0,0,0,0,0,0,0,0,0,0,38,30,0,0,0,0,0,0,0,0,30.00,45.00
140,Western Kentucky,Conference USA,FBS,70.00,0,0,0,0,0,0,0,0,0,0,0,0,0,0,0,0,0,0,0,0,0,0,0,0,0,0,0.00,70.00
144,Kennesaw State,Conference USA,FBS,68.50,0,0,33,25,0,0,0,0,0,0,0,0,0,0,0,0,0,0,54,18.5,0,0,0,0,0,0,43.50,25.00
169,Missouri State,Conference USA,FBS,50.00,33,25,0,0,0,0,0,0,0,0,0,0,0,0,0,0,0,0,0,0,0,0,0,0,0,0,25.00,25.00
187,Jacksonville State,Conference USA,FBS,45.00,0,0,0,0,0,0,0,0,0,0,0,0,0,0,0,0,0,0,0,0,0,0,0,0,0,0,0.00,45.00
187,Louisiana Tech,Conference USA,FBS,45.00,0,0,0,0,0,0,0,0,0,0,0,0,0,0,0,0,0,0,0,0,0,0,0,0,0,0,0.00,45.00
204,FIU,Conference USA,FBS,25.00,0,0,0,0,0,0,0,0,0,0,0,0,0,0,0,0,0,0,0,0,0,0,0,0,0,0,0.00,25.00
204,UTEP,Conference USA,FBS,25.00,0,0,0,0,0,0,0,0,0,0,0,0,0,0,0,0,0,0,0,0,0,0,0,0,0,0,0.00,25.00
169,Wright State,Horizon League,DI,50.00,0,0,33,25,0,0,0,0,0,0,0,0,0,0,0,0,0,0,0,0,0,0,0,0,0,0,25.00,25.00
203,IUPUI,Horizon League,DI,26.00,0,0,0,0,0,0,0,0,0,0,0,0,0,0,0,0,40,26,0,0,0,0,0,0,0,0,26.00,0.00
204,Cleveland State,Horizon League,DI,25.00,0,0,0,0,0,0,0,0,0,0,0,0,0,0,0,0,0,0,0,0,0,0,0,0,0,0,0.00,25.00
204,Wisconsin Green Bay,Horizon League,DI,25.00,33,25,0,0,0,0,0,0,0,0,0,0,0,0,0,0,0,0,0,0,0,0,0,0,0,0,25.00,0.00
204,Wisconsin Milwaukee,Horizon League,DI,25.00,0,0,0,0,0,0,0,0,0,0,0,0,0,0,0,0,0,0,0,0,0,0,0,0,0,0,0.00,25.00
204,Youngstown State,Horizon League,FCS,25.00,0,0,0,0,0,0,0,0,0,0,0,0,0,0,0,0,0,0,0,0,0,0,0,0,0,0,0.00,25.00
4,Princeton,Ivy League,FCS,679.50,33,25,0,0,3,85,9,63,9,25,0,0,0,0,43,17,22,52,27,47,26,46.5,0,0,20,54,414.50,265.00
27,Harvard,Ivy League,FCS,459.50,0,0,0,0,4,80,4,80,0,0,0,0,16,42,0,0,39,28,54,18.5,30,43,0,0,57,15,306.50,153.00
42,Yale,Ivy League,FCS,369.00,0,0,0,0,8,66,12,54,5,60,0,0,0,0,0,0,34,36,0,0,0,0,0,0,0,0,216.00,153.00
44,Pennsylvania,Ivy League,FCS,320.00,0,0,33,25,5,75,5,75,0,0,0,0,0,0,37,30,0,0,48,23.5,37,36.5,0,0,19,55,320.00,0.00
64,Columbia,Ivy League,FCS,237.00,0,0,0,0,2,90,2,90,0,0,0,0,0,0,0,0,0,0,0,0,0,0,0,0,17,57,237.00,0.00
77,Cornell,Ivy League,FCS,169.00,0,0,0,0,9,63,0,0,0,0,0,0,0,0,0,0,0,0,0,0,0,0,0,0,18,56,119.00,50.00
114,Dartmouth,Ivy League,FCS,97.00,0,0,0,0,0,0,0,0,0,0,0,0,6,72,0,0,0,0,0,0,0,0,0,0,0,0,72.00,25.00
145,Brown,Ivy League,FCS,67.00,0,0,0,0,17,40,0,0,0,0,0,0,0,0,0,0,0,0,0,0,0,0,0,0,45,27,67.00,0.00
102,Sacred Heart,MAAC,FCS,117.00,0,0,0,0,0,0,21,32,0,0,0,0,0,0,0,0,0,0,0,0,0,0,15,60,0,0,92.00,25.00
115,Fairfield,MAAC,DI,95.00,33,25,0,0,0,0,0,0,0,0,0,0,0,0,0,0,0,0,0,0,0,0,0,0,0,0,25.00,70.00
155,Quinnipiac,MAAC,DI,60.00,0,0,0,0,0,0,0,0,5,60,0,0,0,0,0,0,0,0,0,0,0,0,0,0,0,0,60.00,0.00
169,Siena,MAAC,DI,50.00,0,0,33,25,0,0,0,0,0,0,0,0,0,0,0,0,0,0,0,0,0,0,0,0,0,0,25.00,25.00
185,Rider,MAAC,DI,47.00,0,0,0,0,0,0,0,0,0,0,0,0,0,0,0,0,0,0,0,0,0,0,0,0,27,47,47.00,0.00
193,Iona,MAAC,DI,42.00,0,0,0,0,0,0,0,0,0,0,0,0,0,0,0,0,0,0,0,0,0,0,0,0,0,0,0.00,42.00
89,Miami (OH),MAC,FBS,140.00,33,25,33,25,0,0,0,0,0,0,0,0,0,0,0,0,0,0,0,0,0,0,0,0,0,0,50.00,90.00
92,Akron,MAC,FBS,136.00,0,0,33,25,0,0,0,0,0,0,0,0,0,0,33,38,0,0,0,0,0,0,0,0,0,0,63.00,73.00
100,Western Michigan,MAC,FBS,120.00,0,0,0,0,0,0,0,0,0,0,0,0,0,0,0,0,0,0,0,0,0,0,0,0,0,0,0.00,120.00
124,Toledo,MAC,FBS,78.00,0,0,0,0,0,0,0,0,0,0,0,0,0,0,0,0,0,0,0,0,0,0,0,0,0,0,0.00,78.00
138,Ohio,MAC,FBS,72.00,0,0,0,0,0,0,0,0,0,0,0,0,0,0,0,0,0,0,0,0,0,0,0,0,45,27,27.00,45.00
196,Central Michigan,MAC,FBS,35.50,0,0,0,0,0,0,0,0,0,0,0,0,0,0,0,0,0,0,0,0,0,0,0,0,62,10.5,10.50,25.00
202,Northern Illinois,MAC,FBS,27.00,0,0,0,0,0,0,0,0,0,0,0,0,0,0,0,0,0,0,0,0,0,0,0,0,45,27,27.00,0.00
251,Buffalo,MAC,FBS,20.00,0,0,0,0,0,0,0,0,0,0,0,0,0,0,0,0,0,0,0,0,0,0,0,0,52,20,20.00,0.00
255,Kent State,MAC,FBS,15.00,0,0,0,0,0,0,0,0,0,0,0,0,0,0,0,0,0,0,0,0,0,0,0,0,57,15,15.00,0.00
169,Howard,MEAC,FCS,50.00,33,25,33,25,0,0,0,0,0,0,0,0,0,0,0,0,0,0,0,0,0,0,0,0,0,0,50.00,0.00
185,Delaware State,MEAC,FCS,47.00,0,0,0,0,0,0,0,0,0,0,0,0,0,0,0,0,0,0,0,0,0,0,27,47,0,0,47.00,0.00
187,South Carolina State,MEAC,FCS,45.00,0,0,0,0,0,0,0,0,0,0,0,0,0,0,0,0,0,0,0,0,0,0,0,0,0,0,0.00,45.00
204,Coppin State,MEAC,DI,25.00,0,0,0,0,0,0,0,0,0,0,0,0,0,0,0,0,0,0,0,0,0,0,0,0,0,0,0.00,25.00
251,Morgan State,MEAC,FCS,20.00,0,0,0,0,0,0,0,0,0,0,0,0,0,0,0,0,0,0,0,0,0,0,0,0,52,20,20.00,0.00
87,Northern Iowa,Missouri Valley,FCS,147.50,0,0,33,25,0,0,0,0,0,0,0,0,0,0,0,0,0,0,0,0,42,30,0,0,31,42.5,97.50,50.00
119,Illinois State,Missouri Valley,FCS,90.00,0,0,0,0,0,0,0,0,0,0,0,0,0,0,0,0,0,0,0,0,0,0,0,0,0,0,0.00,90.00
204,Drake,Missouri Valley,FCS,25.00,0,0,0,0,0,0,0,0,0,0,0,0,0,0,0,0,0,0,0,0,0,0,0,0,0,0,0.00,25.00
204,Illinois Chicago,Missouri Valley,DI,25.00,0,0,0,0,0,0,0,0,0,0,0,0,0,0,0,0,0,0,0,0,0,0,0,0,0,0,0.00,25.00
204,Murray State,Missouri Valley,FCS,25.00,33,25,0,0,0,0,0,0,0,0,0,0,0,0,0,0,0,0,0,0,0,0,0,0,0,0,25.00,0.00
204,Southern Illinois,Missouri Valley,FCS,25.00,0,0,0,0,0,0,0,0,0,0,0,0,0,0,40,25,0,0,0,0,0,0,0,0,0,0,25.00,0.00
254,Indiana State,Missouri Valley,FCS,17.00,0,0,0,0,0,0,0,0,0,0,0,0,0,0,43,17,0,0,0,0,0,0,0,0,0,0,17.00,0.00
47,New Mexico,Mountain West,FBS,314.75,0,0,0,0,0,0,0,0,0,0,0,0,0,0,0,0,0,0,10,66.75,19,53,0,0,0,0,119.75,195.00
71,Air Force,Mountain West,FBS,215.00,0,0,0,0,19,36,16,42,0,0,0,0,0,0,0,0,0,0,0,0,39,34,0,0,25,49,161.00,54.00
84,Utah State,Mountain West,FBS,150.00,0,0,17,50,0,0,0,0,0,0,0,0,0,0,0,0,0,0,0,0,0,0,0,0,0,0,50.00,100.00
109,Boise State,Mountain West,FBS,104.00,0,0,0,0,0,0,0,0,0,0,0,0,0,0,0,0,0,0,0,0,0,0,0,0,0,0,0.00,104.00
118,Nevada,Mountain West,FBS,92.00,0,0,0,0,0,0,0,0,0,0,0,0,12,54,33,38,0,0,0,0,0,0,0,0,0,0,92.00,0.00
148,Wyoming,Mountain West,FBS,64.50,0,0,0,0,0,0,0,0,0,0,0,0,0,0,0,0,0,0,0,0,0,0,0,0,12,64.5,64.50,0.00
149,Grand Canyon,Mountain West,DI,64.00,0,0,0,0,0,0,0,0,0,0,0,0,0,0,0,0,0,0,0,0,0,0,0,0,0,0,0.00,64.00
153,Fresno State,Mountain West,FBS,62.00,0,0,0,0,0,0,0,0,0,0,0,0,0,0,43,17,0,0,0,0,0,0,0,0,0,0,17.00,45.00
161,Colorado State,Mountain West,FBS,54.00,33,25,0,0,0,0,0,0,0,0,0,0,0,0,0,0,0,0,43,29,0,0,0,0,0,0,54.00,0.00
204,San Diego State,Mountain West,FBS,25.00,0,0,0,0,0,0,0,0,0,0,0,0,0,0,0,0,0,0,0,0,0,0,0,0,0,0,0.00,25.00
204,San Jose State,Mountain West,FBS,25.00,0,0,0,0,0,0,0,0,0,0,0,0,0,0,0,0,0,0,0,0,0,0,0,0,0,0,0,25.00
204,UNLV,Mountain West,FBS,25.00,0,0,0,0,0,0,0,0,0,0,0,0,0,0,0,0,0,0,0,0,0,0,0,0,0,0,0.00,25.00
103,LIU Brooklyn,NEC,FCS,116.00,0,0,33,25,0,0,8,66,0,0,0,0,0,0,0,0,0,0,0,0,0,0,0,0,0,0,91.00,25.00
156,Wagner,NEC,FCS,59.00,0,0,0,0,0,0,20,34,0,0,0,0,0,0,0,0,0,0,0,0,0,0,0,0,0,0,34.00,25.00
169,Fairleigh Dickinson,NEC,DI,50.00,33,25,0,0,0,0,0,0,0,0,0,0,0,0,0,0,0,0,0,0,0,0,0,0,0,0,25.00,25.00
204,Central Connecticut State,NEC,FCS,25.00,0,0,0,0,0,0,0,0,0,0,0,0,0,0,0,0,0,0,0,0,0,0,0,0,0,0,0.00,25.00
136,Lindenwood,OVC,FCS,74.00,0,0,0,0,0,0,0,0,0,0,0,0,0,0,0,0,0,0,0,0,0,0,25,49,0,0,49.00,25.00
165,Arkansas Little Rock,OVC,DI,52.00,0,0,0,0,0,0,0,0,0,0,0,0,0,0,0,0,0,0,0,0,0,0,0,0,22,52,52.00,0.00
169,Tennessee Tech,OVC,FCS,50.00,0,0,0,0,0,0,0,0,0,0,0,0,0,0,0,0,0,0,0,0,0,0,0,0,0,0,0.00,50.00
199,SIU Edwardsville,OVC,DI,30.00,0,0,0,0,0,0,0,0,0,0,0,0,0,0,0,0,0,0,0,0,0,0,0,0,44,30,30.00,0.00
204,Eastern Illinois,OVC,FCS,25.00,0,0,0,0,0,0,0,0,0,0,0,0,0,0,0,0,0,0,0,0,0,0,0,0,0,0,0.00,25.00
204,Tennessee State,OVC,FCS,25.00,0,0,33,25,0,0,0,0,0,0,0,0,0,0,0,0,0,0,0,0,0,0,0,0,0,0,25.00,0.00
204,Western Illinois,OVC,FCS,25.00,33,25,0,0,0,0,0,0,0,0,0,0,0,0,0,0,0,0,0,0,0,0,0,0,0,0,25.00,0.00
70,Washington State,Pac-12,FBS,215.50,0,0,0,0,0,0,0,0,0,0,0,0,0,0,42,22,0,0,28,44.5,0,0,0,0,0,0,66.50,149.00
158,Oregon State,Pac-12,FBS,56.00,0,0,0,0,0,0,0,0,0,0,0,0,0,0,0,0,0,0,0,0,0,0,0,0,43,31,31.00,25.00
75,Lehigh,Patriot,FCS,190.00,0,0,65,5,0,0,0,0,0,0,0,0,0,0,0,0,0,0,0,0,0,0,6,73.5,16,58.5,137.00,53.00
78,Army West Point,Patriot,FBS,165.00,0,0,0,0,0,0,0,0,0,0,0,0,0,0,0,0,33,40,0,0,0,0,0,0,45,27,67.00,98.00
83,Navy,Patriot,FBS,159.00,0,0,0,0,0,0,0,0,0,0,6,35,0,0,0,0,0,0,0,0,0,0,0,0,28,46,81.00,78.00
128,American,Patriot,DI,75.50,0,0,0,0,0,0,0,0,0,0,0,0,0,0,0,0,0,0,0,0,0,0,0,0,23,50.5,50.50,25.00
198,Bucknell,Patriot,FCS,32.50,0,0,0,0,0,0,0,0,0,0,0,0,0,0,0,0,0,0,0,0,0,0,0,0,41,32.5,32.50,0.00
204,Boston University,Patriot,DI,25.00,0,0,0,0,0,0,0,0,0,0,0,0,0,0,0,0,0,0,0,0,0,0,0,0,0,0,0.00,25.00
204,Holy Cross,Patriot,FCS,25.00,33,25,0,0,0,0,0,0,0,0,0,0,0,0,0,0,0,0,0,0,0,0,0,0,0,0,25.00,0.00
204,Lafayette,Patriot,FCS,25.00,0,0,0,0,0,0,0,0,0,0,0,0,0,0,0,0,0,0,0,0,0,0,0,0,0,0,0.00,25.00
10,Texas,SEC,FBS,589.50,3,83,9,64,0,0,0,0,0,0,0,0,0,0,3,85,1,100,28,44.5,24,50,0,0,0,0,426.50,163.00
11,Alabama,SEC,FBS,589.25,17,50,9,64,0,0,0,0,0,0,0,0,0,0,11,66,24,50,28,44.5,12,63.75,0,0,0,0,338.25,251.00
16,Texas A&M,SEC,FBS,507.00,0,0,17,50,0,0,0,0,0,0,0,0,0,0,30,44,30,44,19,55,6,73.5,0,0,0,0,266.50,240.50
17,Florida,SEC,FBS,491.75,0,0,17,50,0,0,0,0,0,0,0,0,0,0,10,67.5,2,90,5,74.25,3,85,0,0,0,0,366.75,125.00
19,Kentucky,SEC,FBS,485.00,9,64,17,50,0,0,0,0,0,0,4,80,0,0,0,0,18,56,17,56.5,35,38.5,0,0,0,0,345.00,140.00
24,Georgia,SEC,FBS,469.00,33,25,33,25,0,0,0,0,0,0,0,0,0,0,15,60,15,60,1,100,25,49,0,0,0,0,319.00,150.00
28,Tennessee,SEC,FBS,447.00,33,25,5,73,0,0,0,0,0,0,0,0,0,0,5,75,5,75,0,0,19,53,0,0,0,0,301.00,146.00
31,Arkansas,SEC,FBS,424.00,0,0,9,64,0,0,0,0,0,0,0,0,0,0,28,46,0,0,4,80,1,100,0,0,0,0,290.00,134.00
35,Ole Miss,SEC,FBS,392.75,17,50,0,0,0,0,0,0,0,0,3,85,0,0,0,0,0,0,14,61.5,15,59.25,0,0,0,0,255.75,137.00
38,LSU,SEC,FBS,380.00,9,64,0,0,0,0,0,0,0,0,0,0,0,0,21,52,16,58.5,33,40,47,25.5,0,0,0,0,240.00,140.00
41,South Carolina,SEC,FBS,371.00,2,90,0,0,0,0,0,0,0,0,0,0,0,0,19,55,0,0,8,70.5,7,70.5,0,0,0,0,286.00,85.00
46,Vanderbilt,SEC,FBS,315.00,9,64,17,50,0,0,0,0,0,0,0,0,0,0,0,0,0,0,33,40,0,0,0,0,0,0,154.00,161.00
51,Oklahoma,SEC,FBS,301.50,9,64,0,0,0,0,0,0,0,0,0,0,0,0,0,0,0,0,0,0,11,66,0,0,30,44,174.00,127.50
65,Auburn,SEC,FBS,235.50,0,0,0,0,0,0,0,0,0,0,0,0,0,0,25,48.5,17,57,21,52.5,4,77.5,0,0,0,0,235.50,0.00
67,Missouri,SEC,FBS,233.50,0,0,33,25,0,0,0,0,0,0,0,0,0,0,0,0,28,46,0,0,42,30,0,0,14,61.5,162.50,71.00
124,Mississippi State,SEC,FBS,78.00,0,0,0,0,0,0,0,0,0,0,0,0,0,0,0,0,0,0,0,0,0,0,0,0,0,0,0.00,78.00
106,Furman,SoCon,FCS,108.00,0,0,33,25,0,0,0,0,0,0,0,0,0,0,0,0,0,0,0,0,0,0,0,0,0,0,25.00,83.00
139,Samford,SoCon,FCS,70.50,65,5,0,0,0,0,0,0,0,0,0,0,0,0,0,0,0,0,0,0,33,40.5,0,0,0,0,45.50,25.00
149,North Carolina Greensboro,SoCon,DI,64.00,0,0,0,0,0,0,0,0,0,0,0,0,0,0,0,0,0,0,0,0,0,0,0,0,0,0,0.00,64.00
162,Mercer,SoCon,FCS,53.00,0,0,0,0,0,0,0,0,0,0,0,0,0,0,0,0,0,0,0,0,0,0,0,0,0,0,0.00,53.00
204,Wofford,SoCon,FCS,25.00,0,0,0,0,0,0,0,0,0,0,0,0,0,0,0,0,0,0,0,0,0,0,0,0,0,0,0.00,25.00
250,Citadel,SoCon,FCS,23.00,0,0,0,0,0,0,0,0,0,0,0,0,0,0,0,0,0,0,0,0,0,0,0,0,51,23,23.00,0
255,Tennessee Chattanooga,SoCon,FCS,15.00,0,0,0,0,0,0,0,0,0,0,0,0,0,0,0,0,0,0,0,0,0,0,0,0,57,15,15.00,0.00
98,Stephen F. Austin,Southland,FCS,127.00,65,5,0,0,0,0,0,0,0,0,0,0,0,0,0,0,0,0,0,0,0,0,0,0,0,0,5.00,122.00
197,UTRGV,Southland,DI,34.50,0,0,0,0,0,0,0,0,0,0,0,0,0,0,0,0,0,0,37,34.5,0,0,0,0,0,0,34.50,0.00
199,Incarnate Word,Southland,FCS,30.00,0,0,0,0,0,0,22,30,0,0,0,0,0,0,0,0,0,0,0,0,0,0,0,0,0,0,30.00,0.00
204,Houston Christian,Southland,FCS,25.00,0,0,0,0,0,0,0,0,0,0,0,0,0,0,0,0,0,0,0,0,0,0,0,0,0,0,0.00,25.00
204,Lamar,Southland,FCS,25.00,0,0,0,0,0,0,0,0,0,0,0,0,0,0,0,0,0,0,0,0,0,0,0,0,0,0,0.00,25.00
204,McNeese State,Southland,FCS,25.00,0,0,33,25,0,0,0,0,0,0,0,0,0,0,0,0,0,0,0,0,0,0,0,0,0,0,25.00,0.00
204,Southeastern Louisiana,Southland,FCS,25.00,0,0,0,0,0,0,0,0,0,0,0,0,0,0,0,0,0,0,0,0,0,0,0,0,0,0,0.00,25.00
82,South Dakota State,Summit,FCS,162.00,33,25,0,0,0,0,0,0,0,0,0,0,0,0,0,0,0,0,0,0,0,0,0,0,40,34,59.00,103.00
90,North Dakota State,Summit,FCS,138.50,0,0,33,25,0,0,0,0,0,0,0,0,0,0,0,0,0,0,0,0,47,25.5,0,0,39,35,85.50,53.00
93,Denver,Summit,DI,135.00,0,0,0,0,0,0,0,0,0,0,0,0,3,85,0,0,0,0,0,0,0,0,0,0,0,0,85.00,50.00
97,South Dakota,Summit,FCS,129.25,0,0,0,0,0,0,0,0,0,0,0,0,0,0,0,0,0,0,15,59.25,0,0,0,0,0,0,59.25,70.00
162,North Dakota,Summit,FCS,53.00,0,0,0,0,0,0,0,0,0,0,0,0,0,0,0,0,0,0,0,0,0,0,0,0,0,0,0.00,53.00
169,UMKC,Summit,DI,50.00,0,0,0,0,0,0,0,0,0,0,0,0,0,0,0,0,0,0,0,0,0,0,0,0,0,0,0.00,50.00
204,St. Thomas,Summit,FCS,25.00,0,0,0,0,0,0,0,0,0,0,0,0,0,0,0,0,0,0,0,0,0,0,0,0,0,0,0.00,25.00
110,Texas State,Sun Belt,FBS,100.00,0,0,0,0,0,0,0,0,0,0,0,0,0,0,0,0,0,0,0,0,42,30,0,0,0,0,30.00,70.00
123,James Madison,Sun Belt,FBS,79.00,33,25,0,0,0,0,0,0,0,0,0,0,0,0,0,0,0,0,0,0,0,0,0,0,0,0,25.00,54.00
140,Arkansas State,Sun Belt,FBS,70.00,0,0,0,0,0,0,0,0,0,0,0,0,0,0,0,0,0,0,0,0,0,0,0,0,0,0,0.00,70.00
146,Southern Mississippi,Sun Belt,FBS,65.50,0,0,0,0,0,0,0,0,0,0,0,0,0,0,0,0,0,0,0,0,33,40.5,0,0,0,0,40.50,25.00
147,Georgia Southern,Sun Belt,FBS,65.00,0,0,0,0,0,0,0,0,0,0,7,20,0,0,0,0,0,0,0,0,0,0,0,0,0,0,20.00,45.00
169,Marshall,Sun Belt,FBS,50.00,0,0,0,0,0,0,0,0,0,0,0,0,0,0,0,0,0,0,0,0,0,0,0,0,0,0,0.00,50.00
169,Troy,Sun Belt,FBS,50.00,0,0,33,25,0,0,0,0,0,0,0,0,0,0,0,0,0,0,0,0,0,0,0,0,0,0,25.00,25.00
187,Appalachian State,Sun Belt,FBS,45.00,0,0,0,0,0,0,0,0,0,0,0,0,0,0,0,0,0,0,0,0,0,0,0,0,52,20,20.00,25.00
187,Old Dominion,Sun Belt,FBS,45.00,0,0,0,0,0,0,0,0,0,0,0,0,0,0,0,0,0,0,0,0,0,0,0,0,0,0,0.00,45.00
204,Coastal Carolina,Sun Belt,FBS,25.00,0,0,0,0,0,0,0,0,0,0,0,0,0,0,0,0,0,0,0,0,0,0,0,0,0,0,0.00,25.00
204,Louisiana,Sun Belt,FBS,25.00,0,0,0,0,0,0,0,0,0,0,0,0,0,0,0,0,0,0,0,0,0,0,0,0,0,0,0.00,25.00
169,Prairie View A&M,SWAC,FCS,50.00,0,0,33,25,0,0,0,0,0,0,0,0,0,0,0,0,0,0,0,0,0,0,0,0,0,0,25.00,25.00
204,Florida A&M,SWAC,FBS,25.00,0,0,0,0,0,0,0,0,0,0,0,0,0,0,0,0,0,0,0,0,0,0,0,0,0,0,0.00,25.00
204,Grambling State,SWAC,FCS,25.00,0,0,0,0,0,0,0,0,0,0,0,0,0,0,0,0,0,0,0,0,0,0,0,0,0,0,0.00,25.00
204,Southern,SWAC,FCS,25.00,33,25,0,0,0,0,0,0,0,0,0,0,0,0,0,0,0,0,0,0,0,0,0,0,0,0,25.00,0.00
81,Tarleton State,WAC,FCS,162.50,0,0,0,0,0,0,0,0,0,0,0,0,0,0,0,0,0,0,23,49.5,30,43,0,0,0,0,92.50,70.00
99,California Baptist,WAC,DI,124.00,33,25,33,25,0,0,0,0,0,0,0,0,0,0,0,0,0,0,0,0,0,0,0,0,0,0,50.00,74.00
120,Utah Valley,WAC,DI,89.00,0,0,0,0,0,0,0,0,0,0,0,0,0,0,0,0,0,0,0,0,0,0,0,0,34,39,39.00,50.00
162,Abilene Christian,WAC,FCS,53.00,0,0,0,0,0,0,0,0,0,0,0,0,0,0,0,0,0,0,0,0,0,0,0,0,0,0,0.00,53.00
110,Portland,WCC,DI,100.00,0,0,0,0,0,0,0,0,0,0,0,0,0,0,0,0,0,0,0,0,0,0,0,0,0,0,0.00,100.00
129,Gonzaga,WCC,DI,75.00,33,25,17,50,0,0,0,0,0,0,0,0,0,0,0,0,0,0,0,0,0,0,0,0,0,0,75.00,0.00
129,San Diego,WCC,FCS,75.00,0,0,0,0,0,0,0,0,0,0,0,0,0,0,0,0,0,0,0,0,0,0,0,0,0,0,0.00,75.00
204,Pepperdine,WCC,DI,25.00,0,0,0,0,0,0,0,0,0,0,0,0,0,0,0,0,0,0,0,0,0,0,0,0,0,0,0.00,25.00
204,Saint Mary's (CA),WCC,DI,25.00,0,0,33,25,0,0,0,0,0,0,0,0,0,0,0,0,0,0,0,0,0,0,0,0,0,0,25.00,0.00
204,Santa Clara,WCC,DI,25.00,0,0,33,25,0,0,0,0,0,0,0,0,0,0,0,0,0,0,0,0,0,0,0,0,0,0,25.00,0.00
